order_number,line_number,product_id,quantity,unit_price,line_amount,op,change_ts,_ingested_at
500004,1,4019,1,509.4,509.4,I,2026-07-20 23:09:00-05:00,2026-07-21T06:15:00Z
500004,2,4055,2,490.56,981.12,I,2026-07-20 14:19:27-05:00,2026-07-21T06:15:00Z
500008,1,4013,2,658.18,1316.36,I,2026-07-20 05:36:29-05:00,2026-07-21T06:15:00Z
500008,2,4012,25,295.52,7388.0,I,2026-07-20 08:58:57-05:00,2026-07-21T06:15:00Z
500011,1,4034,1,312.66,312.66,I,2026-07-20 04:18:37-05:00,2026-07-21T06:15:00Z
500011,2,4029,1,54.95,54.95,I,2026-07-20 23:17:11-05:00,2026-07-21T06:15:00Z
500015,1,4025,2,121.46,242.92,I,2026-07-20 11:16:40-05:00,2026-07-21T06:15:00Z
500017,1,4060,25,143.54,3588.5,I,2026-07-20 08:34:59-05:00,2026-07-21T06:15:00Z
500017,2,4038,2,465.24,930.48,I,2026-07-20 16:42:30-05:00,2026-07-21T06:15:00Z
500017,3,4025,2,121.46,242.92,I,2026-07-20 01:20:08-05:00,2026-07-21T06:15:00Z
500017,4,4049,10,732.87,7328.7,I,2026-07-20 21:15:16-05:00,2026-07-21T06:15:00Z
500021,1,4002,5,53.65,268.25,I,2026-07-20 08:34:40-05:00,2026-07-21T06:15:00Z
500021,2,4049,2,732.87,1465.74,I,2026-07-20 08:46:59-05:00,2026-07-21T06:15:00Z
500023,1,4020,1,680.13,680.13,I,2026-07-20 20:34:57-05:00,2026-07-21T06:15:00Z
500023,2,4031,5,257.71,1288.55,I,2026-07-20 23:11:24-05:00,2026-07-21T06:15:00Z
500027,1,4007,5,11.53,57.65,I,2026-07-20 17:53:05-05:00,2026-07-21T06:15:00Z
500027,2,4021,25,879.08,21977.0,I,2026-07-20 03:45:54-05:00,2026-07-21T06:15:00Z
500027,3,4043,2,196.26,392.52,I,2026-07-20 01:46:07-05:00,2026-07-21T06:15:00Z
500027,4,4055,5,490.56,2452.8,I,2026-07-20 13:23:44-05:00,2026-07-21T06:15:00Z
500027,5,4015,10,398.82,3988.2,I,2026-07-20 03:27:14-05:00,2026-07-21T06:15:00Z
500028,1,4022,25,609.94,15248.5,I,2026-07-20 05:48:33-05:00,2026-07-21T06:15:00Z
500028,2,4043,2,196.26,392.52,I,2026-07-20 18:58:12-05:00,2026-07-21T06:15:00Z
500028,3,4018,1,726.3,726.3,I,2026-07-20 02:44:08-05:00,2026-07-21T06:15:00Z
500028,4,4051,5,252.75,1263.75,I,2026-07-20 07:21:15-05:00,2026-07-21T06:15:00Z
500028,5,4009,25,378.73,9468.25,I,2026-07-20 17:43:54-05:00,2026-07-21T06:15:00Z
500030,1,4039,1,165.95,165.95,I,2026-07-20 12:33:00-05:00,2026-07-21T06:15:00Z
500030,2,4032,5,524.69,2623.45,I,2026-07-20 22:12:56-05:00,2026-07-21T06:15:00Z
500030,3,4050,2,354.1,708.2,I,2026-07-20 23:33:18-05:00,2026-07-21T06:15:00Z
500033,1,4012,2,295.52,591.04,I,2026-07-20 02:24:22-05:00,2026-07-21T06:15:00Z
500033,2,4002,1,53.65,53.65,I,2026-07-20 11:13:29-05:00,2026-07-21T06:15:00Z
500033,3,4017,1,615.12,615.12,I,2026-07-20 23:59:10-05:00,2026-07-21T06:15:00Z
500033,4,4002,10,53.65,536.5,I,2026-07-20 15:23:51-05:00,2026-07-21T06:15:00Z
500036,1,4009,1,378.73,378.73,I,2026-07-20 22:25:03-05:00,2026-07-21T06:15:00Z
500036,2,4012,5,295.52,1477.6,I,2026-07-20 06:25:46-05:00,2026-07-21T06:15:00Z
500036,3,4012,50,295.52,14776.0,I,2026-07-20 23:15:34-05:00,2026-07-21T06:15:00Z
500038,1,4003,2,557.28,1114.56,I,2026-07-20 02:03:49-05:00,2026-07-21T06:15:00Z
500038,2,4032,2,524.69,1049.38,I,2026-07-20 15:31:15-05:00,2026-07-21T06:15:00Z
500038,3,4053,25,365.63,9140.75,I,2026-07-20 09:19:46-05:00,2026-07-21T06:15:00Z
500038,4,4009,5,378.73,1893.65,I,2026-07-20 01:54:42-05:00,2026-07-21T06:15:00Z
500038,5,4056,5,351.68,1758.4,I,2026-07-20 02:07:56-05:00,2026-07-21T06:15:00Z
500038,6,4019,1,509.4,509.4,I,2026-07-20 17:35:05-05:00,2026-07-21T06:15:00Z
500041,1,4059,1,461.8,461.8,I,2026-07-20 02:15:54-05:00,2026-07-21T06:15:00Z
500042,1,4010,5,236.48,1182.4,I,2026-07-20 11:17:01-05:00,2026-07-21T06:15:00Z
500042,2,4015,2,398.82,797.64,I,2026-07-20 12:30:08-05:00,2026-07-21T06:15:00Z
500042,3,4010,2,236.48,472.96,I,2026-07-20 22:52:55-05:00,2026-07-21T06:15:00Z
500042,4,4048,2,550.83,1101.66,I,2026-07-20 11:52:04-05:00,2026-07-21T06:15:00Z
500042,5,4014,2,286.38,572.76,I,2026-07-20 04:26:13-05:00,2026-07-21T06:15:00Z
500042,6,4014,2,286.38,572.76,I,2026-07-20 06:21:56-05:00,2026-07-21T06:15:00Z
500043,1,4021,2,879.08,1758.16,I,2026-07-20 21:38:52-05:00,2026-07-21T06:15:00Z
500043,2,4059,10,461.8,4618.0,I,2026-07-20 20:05:21-05:00,2026-07-21T06:15:00Z
500043,3,4058,2,236.27,472.54,I,2026-07-20 04:12:04-05:00,2026-07-21T06:15:00Z
500043,4,4044,25,155.58,3889.5,I,2026-07-20 08:20:46-05:00,2026-07-21T06:15:00Z
500044,1,4005,2,214.31,428.62,I,2026-07-20 13:58:05-05:00,2026-07-21T06:15:00Z
500044,2,4030,5,38.55,192.75,I,2026-07-20 16:52:05-05:00,2026-07-21T06:15:00Z
500048,1,4054,10,639.83,6398.3,I,2026-07-20 06:47:49-05:00,2026-07-21T06:15:00Z
500048,2,4045,2,474.25,948.5,I,2026-07-20 21:20:24-05:00,2026-07-21T06:15:00Z
500048,3,4009,1,378.73,378.73,I,2026-07-20 02:09:40-05:00,2026-07-21T06:15:00Z
500048,4,4017,10,615.12,6151.2,I,2026-07-20 15:57:05-05:00,2026-07-21T06:15:00Z
500049,1,4006,1,318.05,318.05,I,2026-07-20 07:02:43-05:00,2026-07-21T06:15:00Z
500052,1,4024,10,192.96,1929.6,I,2026-07-20 07:55:59-05:00,2026-07-21T06:15:00Z
500052,2,4023,5,104.84,524.2,I,2026-07-20 07:18:51-05:00,2026-07-21T06:15:00Z
500052,3,4003,1,557.28,557.28,I,2026-07-20 17:15:22-05:00,2026-07-21T06:15:00Z
500052,4,4035,10,189.73,1897.3,I,2026-07-20 04:23:59-05:00,2026-07-21T06:15:00Z
500052,5,4052,50,66.74,3337.0,I,2026-07-20 05:42:23-05:00,2026-07-21T06:15:00Z
500052,6,4052,5,66.74,333.7,I,2026-07-20 10:11:39-05:00,2026-07-21T06:15:00Z
500056,1,4058,5,236.27,1181.35,I,2026-07-20 19:36:24-05:00,2026-07-21T06:15:00Z
500056,2,4011,10,391.91,3919.1,I,2026-07-20 17:45:21-05:00,2026-07-21T06:15:00Z
500056,3,4058,1,236.27,236.27,I,2026-07-20 21:58:33-05:00,2026-07-21T06:15:00Z
500060,1,4022,1,609.94,609.94,I,2026-07-20 02:39:13-05:00,2026-07-21T06:15:00Z
500060,2,4042,2,345.92,691.84,I,2026-07-20 02:29:36-05:00,2026-07-21T06:15:00Z
500060,3,4019,2,509.4,1018.8,I,2026-07-20 13:52:16-05:00,2026-07-21T06:15:00Z
500062,1,4009,10,378.73,3787.3,I,2026-07-20 08:26:22-05:00,2026-07-21T06:15:00Z
500066,1,4030,5,38.55,192.75,I,2026-07-20 22:01:29-05:00,2026-07-21T06:15:00Z
500066,2,4033,25,169.48,4237.0,I,2026-07-20 21:02:22-05:00,2026-07-21T06:15:00Z
500066,3,4029,5,54.95,274.75,I,2026-07-20 06:53:08-05:00,2026-07-21T06:15:00Z
500066,4,4016,5,549.59,2747.95,I,2026-07-20 05:26:01-05:00,2026-07-21T06:15:00Z
500066,5,4008,5,88.86,444.3,I,2026-07-20 20:44:50-05:00,2026-07-21T06:15:00Z
500067,1,4046,2,235.48,470.96,I,2026-07-20 06:17:14-05:00,2026-07-21T06:15:00Z
500070,1,4031,1,257.71,257.71,I,2026-07-20 15:54:29-05:00,2026-07-21T06:15:00Z
500070,2,4020,1,680.13,680.13,I,2026-07-20 04:17:05-05:00,2026-07-21T06:15:00Z
500071,1,4001,25,124.88,3122.0,I,2026-07-20 18:44:21-05:00,2026-07-21T06:15:00Z
500072,1,4031,25,257.71,6442.75,I,2026-07-20 14:46:30-05:00,2026-07-21T06:15:00Z
500072,2,4024,25,192.96,4824.0,I,2026-07-20 06:29:07-05:00,2026-07-21T06:15:00Z
500072,3,4048,1,550.83,550.83,I,2026-07-20 18:08:04-05:00,2026-07-21T06:15:00Z
500072,4,4039,5,165.95,829.75,I,2026-07-20 19:46:51-05:00,2026-07-21T06:15:00Z
500076,1,4057,10,230.99,2309.9,I,2026-07-20 11:33:18-05:00,2026-07-21T06:15:00Z
500076,2,4009,5,378.73,1893.65,I,2026-07-20 16:55:49-05:00,2026-07-21T06:15:00Z
500079,1,4057,25,230.99,5774.75,I,2026-07-20 10:08:06-05:00,2026-07-21T06:15:00Z
500079,2,4014,25,286.38,7159.5,I,2026-07-20 21:26:21-05:00,2026-07-21T06:15:00Z
500079,3,4042,1,345.92,345.92,I,2026-07-20 15:50:50-05:00,2026-07-21T06:15:00Z
500083,1,4049,25,732.87,18321.75,I,2026-07-20 10:28:46-05:00,2026-07-21T06:15:00Z
500083,2,4017,2,615.12,1230.24,I,2026-07-20 07:49:57-05:00,2026-07-21T06:15:00Z
500083,3,4011,10,391.91,3919.1,I,2026-07-20 22:30:44-05:00,2026-07-21T06:15:00Z
500084,1,4020,25,680.13,17003.25,I,2026-07-20 22:52:13-05:00,2026-07-21T06:15:00Z
500084,2,4045,25,474.25,11856.25,I,2026-07-20 04:25:51-05:00,2026-07-21T06:15:00Z
500084,3,4019,5,509.4,2547.0,I,2026-07-20 08:10:13-05:00,2026-07-21T06:15:00Z
500088,1,4006,5,318.05,1590.25,I,2026-07-20 23:10:13-05:00,2026-07-21T06:15:00Z
500088,2,4041,2,369.45,738.9,I,2026-07-20 11:51:48-05:00,2026-07-21T06:15:00Z
500088,3,4031,1,257.71,257.71,I,2026-07-20 16:57:00-05:00,2026-07-21T06:15:00Z
500090,1,4039,25,165.95,4148.75,I,2026-07-20 04:35:54-05:00,2026-07-21T06:15:00Z
500090,2,4001,1,124.88,124.88,I,2026-07-20 02:57:26-05:00,2026-07-21T06:15:00Z
500090,3,4053,5,365.63,1828.15,I,2026-07-20 08:02:13-05:00,2026-07-21T06:15:00Z
500093,1,4049,5,732.87,3664.35,I,2026-07-20 22:50:16-05:00,2026-07-21T06:15:00Z
500093,2,4010,10,236.48,2364.8,I,2026-07-20 11:37:56-05:00,2026-07-21T06:15:00Z
500096,1,4015,2,398.82,797.64,I,2026-07-20 14:14:12-05:00,2026-07-21T06:15:00Z
500096,2,4044,25,155.58,3889.5,I,2026-07-20 20:07:59-05:00,2026-07-21T06:15:00Z
500098,1,4047,1,301.89,301.89,I,2026-07-20 03:40:59-05:00,2026-07-21T06:15:00Z
500098,2,4035,25,189.73,4743.25,I,2026-07-20 10:32:37-05:00,2026-07-21T06:15:00Z
500098,3,4036,1,296.75,296.75,I,2026-07-20 08:20:31-05:00,2026-07-21T06:15:00Z
500098,4,4002,1,53.65,53.65,I,2026-07-20 16:12:16-05:00,2026-07-21T06:15:00Z
500098,5,4037,1,362.73,362.73,I,2026-07-20 06:17:24-05:00,2026-07-21T06:15:00Z
500101,1,4030,1,38.55,38.55,I,2026-07-20 16:49:12-05:00,2026-07-21T06:15:00Z
500101,2,4050,1,354.1,354.1,I,2026-07-20 19:17:44-05:00,2026-07-21T06:15:00Z
500102,1,4004,1,581.59,581.59,I,2026-07-20 17:47:40-05:00,2026-07-21T06:15:00Z
500102,2,4030,2,38.55,77.1,I,2026-07-20 19:31:46-05:00,2026-07-21T06:15:00Z
500105,1,4036,25,296.75,7418.75,I,2026-07-20 12:05:45-05:00,2026-07-21T06:15:00Z
500105,2,4048,5,550.83,2754.15,I,2026-07-20 12:46:02-05:00,2026-07-21T06:15:00Z
500107,1,4057,10,230.99,2309.9,I,2026-07-20 15:44:12-05:00,2026-07-21T06:15:00Z
500111,1,4017,5,615.12,3075.6,I,2026-07-20 18:43:40-05:00,2026-07-21T06:15:00Z
500111,2,4005,2,214.31,428.62,I,2026-07-20 04:05:53-05:00,2026-07-21T06:15:00Z
500111,3,4011,5,391.91,1959.55,I,2026-07-20 07:00:25-05:00,2026-07-21T06:15:00Z
500111,4,4058,50,236.27,11813.5,I,2026-07-20 02:04:49-05:00,2026-07-21T06:15:00Z
500111,5,4058,50,236.27,11813.5,I,2026-07-20 02:36:20-05:00,2026-07-21T06:15:00Z
500111,6,4023,2,104.84,209.68,I,2026-07-20 05:18:43-05:00,2026-07-21T06:15:00Z
500113,1,4001,10,124.88,1248.8,I,2026-07-20 19:28:49-05:00,2026-07-21T06:15:00Z
500115,1,4011,2,391.91,783.82,I,2026-07-20 23:25:33-05:00,2026-07-21T06:15:00Z
500115,2,4015,5,398.82,1994.1,I,2026-07-20 18:45:43-05:00,2026-07-21T06:15:00Z
500119,1,4002,10,53.65,536.5,I,2026-07-20 18:26:54-05:00,2026-07-21T06:15:00Z
500119,2,4004,5,581.59,2907.95,I,2026-07-20 17:16:56-05:00,2026-07-21T06:15:00Z
500122,1,4046,1,235.48,235.48,I,2026-07-20 08:48:15-05:00,2026-07-21T06:15:00Z
500122,2,4013,10,658.18,6581.8,I,2026-07-20 18:14:03-05:00,2026-07-21T06:15:00Z
500122,3,4023,25,104.84,2621.0,I,2026-07-20 08:35:00-05:00,2026-07-21T06:15:00Z
500124,1,4021,2,879.08,1758.16,I,2026-07-20 01:15:06-05:00,2026-07-21T06:15:00Z
500124,2,4030,2,38.55,77.1,I,2026-07-20 22:28:31-05:00,2026-07-21T06:15:00Z
500124,3,4011,5,391.91,1959.55,I,2026-07-20 04:03:02-05:00,2026-07-21T06:15:00Z
500124,4,4008,1,88.86,88.86,I,2026-07-20 18:55:36-05:00,2026-07-21T06:15:00Z
500124,5,4051,5,252.75,1263.75,I,2026-07-20 12:39:05-05:00,2026-07-21T06:15:00Z
500124,6,4036,10,296.75,2967.5,I,2026-07-20 14:02:23-05:00,2026-07-21T06:15:00Z
500128,1,4049,1,732.87,732.87,I,2026-07-20 03:35:11-05:00,2026-07-21T06:15:00Z
500128,2,4020,1,680.13,680.13,I,2026-07-20 13:46:26-05:00,2026-07-21T06:15:00Z
500128,3,4058,50,236.27,11813.5,I,2026-07-20 16:29:39-05:00,2026-07-21T06:15:00Z
500128,4,4002,25,53.65,1341.25,I,2026-07-20 21:44:20-05:00,2026-07-21T06:15:00Z
500132,1,4054,1,639.83,639.83,I,2026-07-20 01:02:48-05:00,2026-07-21T06:15:00Z
500132,2,4029,5,54.95,274.75,I,2026-07-20 15:49:47-05:00,2026-07-21T06:15:00Z
500132,3,4056,5,351.68,1758.4,I,2026-07-20 06:42:42-05:00,2026-07-21T06:15:00Z
500132,4,4028,10,20.05,200.5,I,2026-07-20 14:59:36-05:00,2026-07-21T06:15:00Z
500135,1,4031,5,257.71,1288.55,I,2026-07-20 06:02:03-05:00,2026-07-21T06:15:00Z
500135,2,4012,50,295.52,14776.0,I,2026-07-20 02:08:19-05:00,2026-07-21T06:15:00Z
500135,3,4058,5,236.27,1181.35,I,2026-07-20 06:07:30-05:00,2026-07-21T06:15:00Z
500135,4,4009,5,378.73,1893.65,I,2026-07-20 16:35:50-05:00,2026-07-21T06:15:00Z
500136,1,4041,1,369.45,369.45,I,2026-07-20 14:57:15-05:00,2026-07-21T06:15:00Z
500136,2,4030,2,38.55,77.1,I,2026-07-20 13:01:44-05:00,2026-07-21T06:15:00Z
500140,1,4021,1,879.08,879.08,I,2026-07-20 15:42:26-05:00,2026-07-21T06:15:00Z
500140,2,4004,5,581.59,2907.95,I,2026-07-20 02:53:49-05:00,2026-07-21T06:15:00Z
500142,1,4034,5,312.66,1563.3,I,2026-07-20 04:04:03-05:00,2026-07-21T06:15:00Z
500142,2,4030,5,38.55,192.75,I,2026-07-20 04:42:16-05:00,2026-07-21T06:15:00Z
500146,1,4037,5,362.73,1813.65,I,2026-07-20 01:00:57-05:00,2026-07-21T06:15:00Z
500150,1,4053,2,365.63,731.26,I,2026-07-20 15:34:46-05:00,2026-07-21T06:15:00Z
500150,2,4051,5,252.75,1263.75,I,2026-07-20 22:35:45-05:00,2026-07-21T06:15:00Z
500150,3,4054,1,639.83,639.83,I,2026-07-20 17:23:50-05:00,2026-07-21T06:15:00Z
500152,1,4048,25,550.83,13770.75,I,2026-07-20 09:03:08-05:00,2026-07-21T06:15:00Z
500152,2,4008,2,88.86,177.72,I,2026-07-20 05:59:59-05:00,2026-07-21T06:15:00Z
500156,1,4011,5,391.91,1959.55,I,2026-07-20 17:33:18-05:00,2026-07-21T06:15:00Z
500156,2,4015,5,398.82,1994.1,I,2026-07-20 10:18:57-05:00,2026-07-21T06:15:00Z
500156,3,4049,2,732.87,1465.74,I,2026-07-20 19:57:53-05:00,2026-07-21T06:15:00Z
500160,1,4047,2,301.89,603.78,I,2026-07-20 20:24:55-05:00,2026-07-21T06:15:00Z
500160,2,4041,2,369.45,738.9,I,2026-07-20 16:43:43-05:00,2026-07-21T06:15:00Z
500160,3,4018,5,726.3,3631.5,I,2026-07-20 01:56:53-05:00,2026-07-21T06:15:00Z
500163,1,4020,50,680.13,34006.5,I,2026-07-20 08:28:40-05:00,2026-07-21T06:15:00Z
500166,1,4057,1,230.99,230.99,I,2026-07-20 04:22:05-05:00,2026-07-21T06:15:00Z
500168,1,4060,5,143.54,717.7,I,2026-07-20 04:43:31-05:00,2026-07-21T06:15:00Z
500170,1,4017,25,615.12,15378.0,I,2026-07-20 04:07:02-05:00,2026-07-21T06:15:00Z
500170,2,4056,25,351.68,8792.0,I,2026-07-20 23:21:49-05:00,2026-07-21T06:15:00Z
500170,3,4056,50,351.68,17584.0,I,2026-07-20 18:14:27-05:00,2026-07-21T06:15:00Z
500171,1,4045,1,474.25,474.25,I,2026-07-20 22:56:09-05:00,2026-07-21T06:15:00Z
500171,2,4028,5,20.05,100.25,I,2026-07-20 11:22:49-05:00,2026-07-21T06:15:00Z
500171,3,4048,25,550.83,13770.75,I,2026-07-20 04:51:44-05:00,2026-07-21T06:15:00Z
500173,1,4030,10,38.55,385.5,I,2026-07-20 12:46:29-05:00,2026-07-21T06:15:00Z
500173,2,4034,5,312.66,1563.3,I,2026-07-20 18:08:15-05:00,2026-07-21T06:15:00Z
500173,3,4002,25,53.65,1341.25,I,2026-07-20 12:51:38-05:00,2026-07-21T06:15:00Z
500176,1,4038,5,465.24,2326.2,I,2026-07-20 09:40:56-05:00,2026-07-21T06:15:00Z
500176,2,4007,1,11.53,11.53,I,2026-07-20 15:11:24-05:00,2026-07-21T06:15:00Z
500176,3,4042,2,345.92,691.84,I,2026-07-20 11:21:01-05:00,2026-07-21T06:15:00Z
500178,1,4003,10,557.28,5572.8,I,2026-07-20 07:57:31-05:00,2026-07-21T06:15:00Z
500178,2,4060,10,143.54,1435.4,I,2026-07-20 13:25:05-05:00,2026-07-21T06:15:00Z
500178,3,4034,2,312.66,625.32,I,2026-07-20 09:17:06-05:00,2026-07-21T06:15:00Z
500181,1,4043,1,196.26,196.26,I,2026-07-20 05:53:16-05:00,2026-07-21T06:15:00Z
500181,2,4006,25,318.05,7951.25,I,2026-07-20 07:57:30-05:00,2026-07-21T06:15:00Z
500182,1,4008,2,88.86,177.72,I,2026-07-20 15:59:27-05:00,2026-07-21T06:15:00Z
500184,1,4009,5,378.73,1893.65,I,2026-07-20 17:39:31-05:00,2026-07-21T06:15:00Z
500186,1,4023,50,104.84,5242.0,I,2026-07-20 13:24:49-05:00,2026-07-21T06:15:00Z
500186,2,4031,5,257.71,1288.55,I,2026-07-20 02:30:18-05:00,2026-07-21T06:15:00Z
500186,3,4026,2,360.6,721.2,I,2026-07-20 03:38:37-05:00,2026-07-21T06:15:00Z
500186,4,4057,1,230.99,230.99,I,2026-07-20 13:20:18-05:00,2026-07-21T06:15:00Z
500186,5,4047,25,301.89,7547.25,I,2026-07-20 02:34:37-05:00,2026-07-21T06:15:00Z
500186,6,4030,1,38.55,38.55,I,2026-07-20 18:37:02-05:00,2026-07-21T06:15:00Z
500189,1,4003,1,557.28,557.28,I,2026-07-20 12:40:20-05:00,2026-07-21T06:15:00Z
500192,1,4052,1,66.74,66.74,I,2026-07-20 18:53:44-05:00,2026-07-21T06:15:00Z
500192,2,4001,1,124.88,124.88,I,2026-07-20 20:13:43-05:00,2026-07-21T06:15:00Z
500192,3,4055,2,490.56,981.12,I,2026-07-20 05:55:34-05:00,2026-07-21T06:15:00Z
500192,4,4035,1,189.73,189.73,I,2026-07-20 19:02:45-05:00,2026-07-21T06:15:00Z
500192,5,4043,10,196.26,1962.6,I,2026-07-20 17:00:17-05:00,2026-07-21T06:15:00Z
500196,1,4058,2,236.27,472.54,I,2026-07-20 11:46:13-05:00,2026-07-21T06:15:00Z
500196,2,4016,5,549.59,2747.95,I,2026-07-20 23:39:36-05:00,2026-07-21T06:15:00Z
500196,3,4048,25,550.83,13770.75,I,2026-07-20 04:13:02-05:00,2026-07-21T06:15:00Z
500196,4,4045,10,474.25,4742.5,I,2026-07-20 01:38:29-05:00,2026-07-21T06:15:00Z
500196,5,4057,25,230.99,5774.75,I,2026-07-20 17:14:09-05:00,2026-07-21T06:15:00Z
500199,1,4021,5,879.08,4395.4,I,2026-07-20 05:36:40-05:00,2026-07-21T06:15:00Z
500199,2,4026,10,360.6,3606.0,I,2026-07-20 01:06:04-05:00,2026-07-21T06:15:00Z
500199,3,4059,5,461.8,2309.0,I,2026-07-20 07:44:04-05:00,2026-07-21T06:15:00Z
500199,4,4024,1,192.96,192.96,I,2026-07-20 11:34:21-05:00,2026-07-21T06:15:00Z
500199,5,4023,10,104.84,1048.4,I,2026-07-20 09:01:59-05:00,2026-07-21T06:15:00Z
500202,1,4042,1,345.92,345.92,I,2026-07-20 20:48:02-05:00,2026-07-21T06:15:00Z
500203,1,4011,1,391.91,391.91,I,2026-07-20 07:38:07-05:00,2026-07-21T06:15:00Z
500203,2,4040,25,371.54,9288.5,I,2026-07-20 20:54:17-05:00,2026-07-21T06:15:00Z
500204,1,4056,10,351.68,3516.8,I,2026-07-20 07:58:42-05:00,2026-07-21T06:15:00Z
500204,2,4006,5,318.05,1590.25,I,2026-07-20 18:00:23-05:00,2026-07-21T06:15:00Z
500204,3,4050,25,354.1,8852.5,I,2026-07-20 14:10:05-05:00,2026-07-21T06:15:00Z
500207,1,4016,5,549.59,2747.95,I,2026-07-20 16:18:34-05:00,2026-07-21T06:15:00Z
500207,2,4016,2,549.59,1099.18,I,2026-07-20 09:58:33-05:00,2026-07-21T06:15:00Z
500207,3,4051,2,252.75,505.5,I,2026-07-20 23:25:37-05:00,2026-07-21T06:15:00Z
500208,1,4012,50,295.52,14776.0,I,2026-07-20 13:17:22-05:00,2026-07-21T06:15:00Z
500208,2,4047,10,301.89,3018.9,I,2026-07-20 07:56:45-05:00,2026-07-21T06:15:00Z
500208,3,4016,5,549.59,2747.95,I,2026-07-20 08:43:31-05:00,2026-07-21T06:15:00Z
500208,4,4059,25,461.8,11545.0,I,2026-07-20 03:01:17-05:00,2026-07-21T06:15:00Z
500212,1,4048,10,550.83,5508.3,I,2026-07-20 23:22:53-05:00,2026-07-21T06:15:00Z
500213,1,4009,5,378.73,1893.65,I,2026-07-20 09:54:27-05:00,2026-07-21T06:15:00Z
500213,2,4028,2,20.05,40.1,I,2026-07-20 14:57:28-05:00,2026-07-21T06:15:00Z
500217,1,4002,2,53.65,107.3,I,2026-07-20 10:07:19-05:00,2026-07-21T06:15:00Z
500217,2,4031,5,257.71,1288.55,I,2026-07-20 09:39:48-05:00,2026-07-21T06:15:00Z
500217,3,4053,10,365.63,3656.3,I,2026-07-20 09:55:00-05:00,2026-07-21T06:15:00Z
500217,4,4027,2,45.18,90.36,I,2026-07-20 22:26:41-05:00,2026-07-21T06:15:00Z
500217,5,4006,10,318.05,3180.5,I,2026-07-20 09:08:37-05:00,2026-07-21T06:15:00Z
500217,6,4037,25,362.73,9068.25,I,2026-07-20 04:29:40-05:00,2026-07-21T06:15:00Z
500219,1,4029,5,54.95,274.75,I,2026-07-20 22:01:37-05:00,2026-07-21T06:15:00Z
500219,2,4058,10,236.27,2362.7,I,2026-07-20 15:09:40-05:00,2026-07-21T06:15:00Z
500219,3,4058,1,236.27,236.27,I,2026-07-20 05:48:40-05:00,2026-07-21T06:15:00Z
500220,1,4047,25,301.89,7547.25,I,2026-07-20 19:59:24-05:00,2026-07-21T06:15:00Z
500220,2,4042,2,345.92,691.84,I,2026-07-20 22:25:12-05:00,2026-07-21T06:15:00Z
500224,1,4039,5,165.95,829.75,I,2026-07-20 10:14:11-05:00,2026-07-21T06:15:00Z
500224,2,4001,25,124.88,3122.0,I,2026-07-20 11:34:38-05:00,2026-07-21T06:15:00Z
500224,3,4053,1,365.63,365.63,I,2026-07-20 03:48:10-05:00,2026-07-21T06:15:00Z
500224,4,4056,1,351.68,351.68,I,2026-07-20 02:20:34-05:00,2026-07-21T06:15:00Z
500227,1,4030,10,38.55,385.5,I,2026-07-20 23:09:07-05:00,2026-07-21T06:15:00Z
500227,2,4043,1,196.26,196.26,I,2026-07-20 04:33:43-05:00,2026-07-21T06:15:00Z
500230,1,4045,2,474.25,948.5,I,2026-07-20 14:35:08-05:00,2026-07-21T06:15:00Z
500230,2,4020,50,680.13,34006.5,I,2026-07-20 23:41:24-05:00,2026-07-21T06:15:00Z
500230,3,4033,1,169.48,169.48,I,2026-07-20 23:44:09-05:00,2026-07-21T06:15:00Z
500230,4,4051,2,252.75,505.5,I,2026-07-20 03:20:48-05:00,2026-07-21T06:15:00Z
500230,5,4027,25,45.18,1129.5,I,2026-07-20 14:29:28-05:00,2026-07-21T06:15:00Z
500230,6,4040,1,371.54,371.54,I,2026-07-20 18:14:10-05:00,2026-07-21T06:15:00Z
500231,1,4044,1,155.58,155.58,I,2026-07-20 19:52:41-05:00,2026-07-21T06:15:00Z
500231,2,4023,5,104.84,524.2,I,2026-07-20 13:12:33-05:00,2026-07-21T06:15:00Z
500231,3,4059,1,461.8,461.8,I,2026-07-20 15:55:50-05:00,2026-07-21T06:15:00Z
500231,4,4052,50,66.74,3337.0,I,2026-07-20 13:08:03-05:00,2026-07-21T06:15:00Z
500234,1,4058,1,236.27,236.27,I,2026-07-20 08:04:14-05:00,2026-07-21T06:15:00Z
500234,2,4055,1,490.56,490.56,I,2026-07-20 18:51:47-05:00,2026-07-21T06:15:00Z
500234,3,4053,50,365.63,18281.5,I,2026-07-20 17:12:53-05:00,2026-07-21T06:15:00Z
500235,1,4033,2,169.48,338.96,I,2026-07-20 13:17:24-05:00,2026-07-21T06:15:00Z
500235,2,4037,5,362.73,1813.65,I,2026-07-20 04:26:36-05:00,2026-07-21T06:15:00Z
500235,3,4059,1,461.8,461.8,I,2026-07-20 04:46:36-05:00,2026-07-21T06:15:00Z
500239,1,4002,5,53.65,268.25,I,2026-07-20 21:31:43-05:00,2026-07-21T06:15:00Z
500239,2,4018,25,726.3,18157.5,I,2026-07-20 17:23:48-05:00,2026-07-21T06:15:00Z
500242,1,4030,5,38.55,192.75,I,2026-07-20 16:17:19-05:00,2026-07-21T06:15:00Z
500242,2,4051,25,252.75,6318.75,I,2026-07-20 01:58:15-05:00,2026-07-21T06:15:00Z
500246,1,4013,50,658.18,32909.0,I,2026-07-20 09:30:23-05:00,2026-07-21T06:15:00Z
500246,2,4045,10,474.25,4742.5,I,2026-07-20 07:14:53-05:00,2026-07-21T06:15:00Z
500246,3,4059,25,461.8,11545.0,I,2026-07-20 09:40:16-05:00,2026-07-21T06:15:00Z
500249,1,4017,2,615.12,1230.24,I,2026-07-20 13:19:21-05:00,2026-07-21T06:15:00Z
500249,2,4041,2,369.45,738.9,I,2026-07-20 18:49:04-05:00,2026-07-21T06:15:00Z
500252,1,4011,5,391.91,1959.55,I,2026-07-20 22:48:25-05:00,2026-07-21T06:15:00Z
500252,2,4016,1,549.59,549.59,I,2026-07-20 04:03:41-05:00,2026-07-21T06:15:00Z
500256,1,4056,2,351.68,703.36,I,2026-07-20 07:30:10-05:00,2026-07-21T06:15:00Z
500256,2,4033,2,169.48,338.96,I,2026-07-20 14:43:47-05:00,2026-07-21T06:15:00Z
500256,3,4060,5,143.54,717.7,I,2026-07-20 10:28:46-05:00,2026-07-21T06:15:00Z
500260,1,4054,2,639.83,1279.66,I,2026-07-20 16:42:33-05:00,2026-07-21T06:15:00Z
500260,2,4016,10,549.59,5495.9,I,2026-07-20 11:18:38-05:00,2026-07-21T06:15:00Z
500260,3,4059,5,461.8,2309.0,I,2026-07-20 11:44:17-05:00,2026-07-21T06:15:00Z
500260,4,4022,5,609.94,3049.7,I,2026-07-20 05:38:31-05:00,2026-07-21T06:15:00Z
500260,5,4016,1,549.59,549.59,I,2026-07-20 19:06:21-05:00,2026-07-21T06:15:00Z
500261,1,4048,1,550.83,550.83,I,2026-07-20 21:38:34-05:00,2026-07-21T06:15:00Z
500261,2,4060,25,143.54,3588.5,I,2026-07-20 03:18:30-05:00,2026-07-21T06:15:00Z
500264,1,4058,1,236.27,236.27,I,2026-07-20 06:59:52-05:00,2026-07-21T06:15:00Z
500264,2,4051,2,252.75,505.5,I,2026-07-20 07:41:29-05:00,2026-07-21T06:15:00Z
500266,1,4059,25,461.8,11545.0,I,2026-07-20 16:00:30-05:00,2026-07-21T06:15:00Z
500266,2,4045,25,474.25,11856.25,I,2026-07-20 08:53:02-05:00,2026-07-21T06:15:00Z
500266,3,4035,10,189.73,1897.3,I,2026-07-20 08:29:44-05:00,2026-07-21T06:15:00Z
500266,4,4006,10,318.05,3180.5,I,2026-07-20 12:14:09-05:00,2026-07-21T06:15:00Z
500269,1,4054,10,639.83,6398.3,I,2026-07-20 18:29:49-05:00,2026-07-21T06:15:00Z
500269,2,4002,10,53.65,536.5,I,2026-07-20 22:19:09-05:00,2026-07-21T06:15:00Z
500273,1,4027,1,45.18,45.18,I,2026-07-20 20:31:16-05:00,2026-07-21T06:15:00Z
500273,2,4005,2,214.31,428.62,I,2026-07-20 16:20:54-05:00,2026-07-21T06:15:00Z
500273,3,4005,2,214.31,428.62,I,2026-07-20 12:53:23-05:00,2026-07-21T06:15:00Z
500273,4,4009,5,378.73,1893.65,I,2026-07-20 22:29:44-05:00,2026-07-21T06:15:00Z
500273,5,4026,5,360.6,1803.0,I,2026-07-20 02:10:24-05:00,2026-07-21T06:15:00Z
500275,1,4019,10,509.4,5094.0,I,2026-07-20 06:59:36-05:00,2026-07-21T06:15:00Z
500276,1,4026,10,360.6,3606.0,I,2026-07-20 17:00:28-05:00,2026-07-21T06:15:00Z
500276,2,4054,1,639.83,639.83,I,2026-07-20 19:47:50-05:00,2026-07-21T06:15:00Z
500276,3,4005,2,214.31,428.62,I,2026-07-20 18:45:43-05:00,2026-07-21T06:15:00Z
500280,1,4015,5,398.82,1994.1,I,2026-07-20 10:54:58-05:00,2026-07-21T06:15:00Z
500280,2,4024,5,192.96,964.8,I,2026-07-20 04:21:51-05:00,2026-07-21T06:15:00Z
500280,3,4029,2,54.95,109.9,I,2026-07-20 17:20:28-05:00,2026-07-21T06:15:00Z
500280,4,4046,10,235.48,2354.8,I,2026-07-20 06:13:15-05:00,2026-07-21T06:15:00Z
500282,1,4018,10,726.3,7263.0,I,2026-07-20 19:43:05-05:00,2026-07-21T06:15:00Z
500285,1,4021,1,879.08,879.08,I,2026-07-20 22:01:10-05:00,2026-07-21T06:15:00Z
500285,2,4059,1,461.8,461.8,I,2026-07-20 23:27:00-05:00,2026-07-21T06:15:00Z
500286,1,4022,10,609.94,6099.4,I,2026-07-20 07:14:11-05:00,2026-07-21T06:15:00Z
500286,2,4052,25,66.74,1668.5,I,2026-07-20 11:27:08-05:00,2026-07-21T06:15:00Z
500286,3,4034,5,312.66,1563.3,I,2026-07-20 14:51:19-05:00,2026-07-21T06:15:00Z
500290,1,4011,2,391.91,783.82,I,2026-07-20 14:01:17-05:00,2026-07-21T06:15:00Z
500291,1,4056,10,351.68,3516.8,I,2026-07-20 09:53:13-05:00,2026-07-21T06:15:00Z
500291,2,4037,25,362.73,9068.25,I,2026-07-20 22:48:47-05:00,2026-07-21T06:15:00Z
500293,1,4014,25,286.38,7159.5,I,2026-07-20 21:19:28-05:00,2026-07-21T06:15:00Z
500296,1,4048,5,550.83,2754.15,I,2026-07-20 13:40:44-05:00,2026-07-21T06:15:00Z
500296,2,4012,2,295.52,591.04,I,2026-07-20 08:22:36-05:00,2026-07-21T06:15:00Z
500297,1,4058,2,236.27,472.54,I,2026-07-20 21:58:34-05:00,2026-07-21T06:15:00Z
500297,2,4051,1,252.75,252.75,I,2026-07-20 14:30:56-05:00,2026-07-21T06:15:00Z
500297,3,4033,1,169.48,169.48,I,2026-07-20 04:55:44-05:00,2026-07-21T06:15:00Z
500297,4,4056,10,351.68,3516.8,I,2026-07-20 14:03:53-05:00,2026-07-21T06:15:00Z
500298,1,4004,10,581.59,5815.9,I,2026-07-20 12:39:50-05:00,2026-07-21T06:15:00Z
500298,2,4033,1,169.48,169.48,I,2026-07-20 01:04:52-05:00,2026-07-21T06:15:00Z
500298,3,4014,2,286.38,572.76,I,2026-07-20 11:14:19-05:00,2026-07-21T06:15:00Z
500298,4,4055,10,490.56,4905.6,I,2026-07-20 19:55:42-05:00,2026-07-21T06:15:00Z
500300,1,4025,2,121.46,242.92,I,2026-07-20 15:07:04-05:00,2026-07-21T06:15:00Z
500300,2,4059,1,461.8,461.8,I,2026-07-20 15:35:20-05:00,2026-07-21T06:15:00Z
500303,1,4050,2,354.1,708.2,I,2026-07-20 11:34:12-05:00,2026-07-21T06:15:00Z
500303,2,4033,50,169.48,8474.0,I,2026-07-20 21:59:52-05:00,2026-07-21T06:15:00Z
500307,1,4052,2,66.74,133.48,I,2026-07-20 19:20:28-05:00,2026-07-21T06:15:00Z
500307,2,4059,1,461.8,461.8,I,2026-07-20 20:05:06-05:00,2026-07-21T06:15:00Z
500307,3,4028,25,20.05,501.25,I,2026-07-20 18:22:22-05:00,2026-07-21T06:15:00Z
500307,4,4017,1,615.12,615.12,I,2026-07-20 17:51:01-05:00,2026-07-21T06:15:00Z
500307,5,4003,5,557.28,2786.4,I,2026-07-20 23:15:18-05:00,2026-07-21T06:15:00Z
500308,1,4043,25,196.26,4906.5,I,2026-07-20 13:43:24-05:00,2026-07-21T06:15:00Z
500308,2,4004,25,581.59,14539.75,I,2026-07-20 10:23:43-05:00,2026-07-21T06:15:00Z
500308,3,4051,2,252.75,505.5,I,2026-07-20 22:08:06-05:00,2026-07-21T06:15:00Z
500309,1,4019,50,509.4,25470.0,I,2026-07-20 04:36:28-05:00,2026-07-21T06:15:00Z
500309,2,4029,10,54.95,549.5,I,2026-07-20 07:06:44-05:00,2026-07-21T06:15:00Z
500313,1,4014,5,286.38,1431.9,I,2026-07-20 10:37:35-05:00,2026-07-21T06:15:00Z
500313,2,4038,2,465.24,930.48,I,2026-07-20 05:48:25-05:00,2026-07-21T06:15:00Z
500313,3,4054,2,639.83,1279.66,I,2026-07-20 12:53:42-05:00,2026-07-21T06:15:00Z
500313,4,4049,1,732.87,732.87,I,2026-07-20 22:52:16-05:00,2026-07-21T06:15:00Z
500313,5,4036,50,296.75,14837.5,I,2026-07-20 02:56:06-05:00,2026-07-21T06:15:00Z
500314,1,4008,50,88.86,4443.0,I,2026-07-20 14:22:31-05:00,2026-07-21T06:15:00Z
500314,2,4052,25,66.74,1668.5,I,2026-07-20 19:11:55-05:00,2026-07-21T06:15:00Z
500314,3,4015,25,398.82,9970.5,I,2026-07-20 10:04:39-05:00,2026-07-21T06:15:00Z
500314,4,4050,50,354.1,17705.0,I,2026-07-20 15:06:30-05:00,2026-07-21T06:15:00Z
500316,1,4048,5,550.83,2754.15,I,2026-07-20 07:04:55-05:00,2026-07-21T06:15:00Z
500316,2,4039,2,165.95,331.9,I,2026-07-20 09:03:29-05:00,2026-07-21T06:15:00Z
500316,3,4005,50,214.31,10715.5,I,2026-07-20 06:20:19-05:00,2026-07-21T06:15:00Z
500317,1,4050,5,354.1,1770.5,I,2026-07-20 17:04:18-05:00,2026-07-21T06:15:00Z
500317,2,4036,2,296.75,593.5,I,2026-07-20 06:17:20-05:00,2026-07-21T06:15:00Z
500321,1,4026,10,360.6,3606.0,I,2026-07-20 09:02:09-05:00,2026-07-21T06:15:00Z
500321,2,4057,5,230.99,1154.95,I,2026-07-20 19:56:10-05:00,2026-07-21T06:15:00Z
500321,3,4040,2,371.54,743.08,I,2026-07-20 01:15:57-05:00,2026-07-21T06:15:00Z
500322,1,4050,5,354.1,1770.5,I,2026-07-20 08:09:26-05:00,2026-07-21T06:15:00Z
500322,2,4029,2,54.95,109.9,I,2026-07-20 21:26:58-05:00,2026-07-21T06:15:00Z
500322,3,4008,5,88.86,444.3,I,2026-07-20 18:46:29-05:00,2026-07-21T06:15:00Z
500322,4,4003,2,557.28,1114.56,I,2026-07-20 05:32:31-05:00,2026-07-21T06:15:00Z
500326,1,4043,10,196.26,1962.6,I,2026-07-20 16:21:51-05:00,2026-07-21T06:15:00Z
500326,2,4030,1,38.55,38.55,I,2026-07-20 07:47:09-05:00,2026-07-21T06:15:00Z
500326,3,4009,5,378.73,1893.65,I,2026-07-20 15:24:13-05:00,2026-07-21T06:15:00Z
500326,4,4046,5,235.48,1177.4,I,2026-07-20 13:05:39-05:00,2026-07-21T06:15:00Z
500326,5,4037,2,362.73,725.46,I,2026-07-20 22:11:26-05:00,2026-07-21T06:15:00Z
500327,1,4014,1,286.38,286.38,I,2026-07-20 22:16:27-05:00,2026-07-21T06:15:00Z
500327,2,4023,5,104.84,524.2,I,2026-07-20 18:27:18-05:00,2026-07-21T06:15:00Z
500327,3,4054,10,639.83,6398.3,I,2026-07-20 22:23:00-05:00,2026-07-21T06:15:00Z
500331,1,4049,2,732.87,1465.74,I,2026-07-20 23:01:14-05:00,2026-07-21T06:15:00Z
500331,2,4007,50,11.53,576.5,I,2026-07-20 20:34:31-05:00,2026-07-21T06:15:00Z
500331,3,4060,5,143.54,717.7,I,2026-07-20 03:08:54-05:00,2026-07-21T06:15:00Z
500333,1,4010,25,236.48,5912.0,I,2026-07-20 18:13:11-05:00,2026-07-21T06:15:00Z
500333,2,4055,1,490.56,490.56,I,2026-07-20 18:55:05-05:00,2026-07-21T06:15:00Z
500333,3,4005,2,214.31,428.62,I,2026-07-20 09:45:08-05:00,2026-07-21T06:15:00Z
500333,4,4028,1,20.05,20.05,I,2026-07-20 14:15:18-05:00,2026-07-21T06:15:00Z
500337,1,4002,1,53.65,53.65,I,2026-07-20 08:11:42-05:00,2026-07-21T06:15:00Z
500337,2,4042,2,345.92,691.84,I,2026-07-20 10:20:43-05:00,2026-07-21T06:15:00Z
500337,3,4038,10,465.24,4652.4,I,2026-07-20 22:34:29-05:00,2026-07-21T06:15:00Z
500341,1,4023,5,104.84,524.2,I,2026-07-20 18:48:17-05:00,2026-07-21T06:15:00Z
500341,2,4045,1,474.25,474.25,I,2026-07-20 18:40:39-05:00,2026-07-21T06:15:00Z
500344,1,4028,2,20.05,40.1,I,2026-07-20 01:58:23-05:00,2026-07-21T06:15:00Z
500344,2,4005,5,214.31,1071.55,I,2026-07-20 17:22:44-05:00,2026-07-21T06:15:00Z
500344,3,4021,50,879.08,43954.0,I,2026-07-20 15:42:47-05:00,2026-07-21T06:15:00Z
500344,4,4003,1,557.28,557.28,I,2026-07-20 07:38:21-05:00,2026-07-21T06:15:00Z
500345,1,4056,25,351.68,8792.0,I,2026-07-20 08:13:02-05:00,2026-07-21T06:15:00Z
500345,2,4028,1,20.05,20.05,I,2026-07-20 13:45:32-05:00,2026-07-21T06:15:00Z
500345,3,4047,50,301.89,15094.5,I,2026-07-20 19:48:55-05:00,2026-07-21T06:15:00Z
500345,4,4025,5,121.46,607.3,I,2026-07-20 16:52:59-05:00,2026-07-21T06:15:00Z
500345,5,4017,1,615.12,615.12,I,2026-07-20 12:52:20-05:00,2026-07-21T06:15:00Z
500348,1,4043,5,196.26,981.3,I,2026-07-20 03:58:05-05:00,2026-07-21T06:15:00Z
500348,2,4023,10,104.84,1048.4,I,2026-07-20 18:34:17-05:00,2026-07-21T06:15:00Z
500355,1,4048,25,550.83,13770.75,I,2026-07-20 08:57:33-05:00,2026-07-21T06:15:00Z
500355,2,4037,10,362.73,3627.3,I,2026-07-20 11:19:16-05:00,2026-07-21T06:15:00Z
500360,1,4028,50,20.05,1002.5,I,2026-07-20 18:01:43-05:00,2026-07-21T06:15:00Z
500360,2,4005,1,214.31,214.31,I,2026-07-20 12:50:59-05:00,2026-07-21T06:15:00Z
500360,3,4019,5,509.4,2547.0,I,2026-07-20 23:10:21-05:00,2026-07-21T06:15:00Z
500361,1,4026,50,360.6,18030.0,I,2026-07-20 18:31:41-05:00,2026-07-21T06:15:00Z
500361,2,4046,10,235.48,2354.8,I,2026-07-20 16:31:13-05:00,2026-07-21T06:15:00Z
500365,1,4002,10,53.65,536.5,I,2026-07-20 11:56:09-05:00,2026-07-21T06:15:00Z
500365,2,4027,25,45.18,1129.5,I,2026-07-20 07:28:41-05:00,2026-07-21T06:15:00Z
500367,1,4020,2,680.13,1360.26,I,2026-07-20 15:54:09-05:00,2026-07-21T06:15:00Z
500370,1,4059,5,461.8,2309.0,I,2026-07-20 04:24:17-05:00,2026-07-21T06:15:00Z
500370,2,4035,1,189.73,189.73,I,2026-07-20 21:59:37-05:00,2026-07-21T06:15:00Z
500370,3,4028,25,20.05,501.25,I,2026-07-20 20:14:06-05:00,2026-07-21T06:15:00Z
500370,4,4040,10,371.54,3715.4,I,2026-07-20 06:33:55-05:00,2026-07-21T06:15:00Z
500370,5,4016,1,549.59,549.59,I,2026-07-20 06:37:03-05:00,2026-07-21T06:15:00Z
500370,6,4045,2,474.25,948.5,I,2026-07-20 23:12:40-05:00,2026-07-21T06:15:00Z
500372,1,4057,5,230.99,1154.95,I,2026-07-20 13:39:32-05:00,2026-07-21T06:15:00Z
500372,2,4006,25,318.05,7951.25,I,2026-07-20 20:13:36-05:00,2026-07-21T06:15:00Z
500375,1,4030,2,38.55,77.1,I,2026-07-20 08:47:30-05:00,2026-07-21T06:15:00Z
500375,2,4014,10,286.38,2863.8,I,2026-07-20 02:50:32-05:00,2026-07-21T06:15:00Z
500377,1,4026,2,360.6,721.2,I,2026-07-20 12:52:49-05:00,2026-07-21T06:15:00Z
500377,2,4006,10,318.05,3180.5,I,2026-07-20 23:58:05-05:00,2026-07-21T06:15:00Z
500380,1,4018,25,726.3,18157.5,I,2026-07-20 02:30:08-05:00,2026-07-21T06:15:00Z
500381,1,4043,2,196.26,392.52,I,2026-07-20 21:25:35-05:00,2026-07-21T06:15:00Z
500381,2,4029,5,54.95,274.75,I,2026-07-20 14:27:00-05:00,2026-07-21T06:15:00Z
500384,1,4037,25,362.73,9068.25,I,2026-07-20 19:03:38-05:00,2026-07-21T06:15:00Z
500384,2,4060,5,143.54,717.7,I,2026-07-20 08:00:28-05:00,2026-07-21T06:15:00Z
500385,1,4036,5,296.75,1483.75,I,2026-07-20 02:58:31-05:00,2026-07-21T06:15:00Z
500385,2,4056,2,351.68,703.36,I,2026-07-20 22:53:14-05:00,2026-07-21T06:15:00Z
500385,3,4047,5,301.89,1509.45,I,2026-07-20 21:01:06-05:00,2026-07-21T06:15:00Z
500385,4,4003,10,557.28,5572.8,I,2026-07-20 22:37:04-05:00,2026-07-21T06:15:00Z
500385,5,4040,50,371.54,18577.0,I,2026-07-20 09:40:56-05:00,2026-07-21T06:15:00Z
500387,1,4051,1,252.75,252.75,I,2026-07-20 12:25:37-05:00,2026-07-21T06:15:00Z
500387,2,4047,10,301.89,3018.9,I,2026-07-20 13:56:07-05:00,2026-07-21T06:15:00Z
500387,3,4006,1,318.05,318.05,I,2026-07-20 05:10:14-05:00,2026-07-21T06:15:00Z
500387,4,4014,1,286.38,286.38,I,2026-07-20 17:49:38-05:00,2026-07-21T06:15:00Z
500388,1,4041,1,369.45,369.45,I,2026-07-20 07:00:05-05:00,2026-07-21T06:15:00Z
500388,2,4038,25,465.24,11631.0,I,2026-07-20 21:54:34-05:00,2026-07-21T06:15:00Z
500388,3,4019,1,509.4,509.4,I,2026-07-20 04:16:31-05:00,2026-07-21T06:15:00Z
500388,4,4010,10,236.48,2364.8,I,2026-07-20 23:24:38-05:00,2026-07-21T06:15:00Z
500390,1,4054,25,639.83,15995.75,I,2026-07-20 09:45:48-05:00,2026-07-21T06:15:00Z
500392,1,4056,10,351.68,3516.8,I,2026-07-20 18:09:43-05:00,2026-07-21T06:15:00Z
500392,2,4030,2,38.55,77.1,I,2026-07-20 23:22:09-05:00,2026-07-21T06:15:00Z
500393,1,4021,2,879.08,1758.16,I,2026-07-20 09:22:55-05:00,2026-07-21T06:15:00Z
500393,2,4060,1,143.54,143.54,I,2026-07-20 18:11:36-05:00,2026-07-21T06:15:00Z
500396,1,4045,50,474.25,23712.5,I,2026-07-20 05:45:07-05:00,2026-07-21T06:15:00Z
500397,1,4033,2,169.48,338.96,I,2026-07-20 22:40:38-05:00,2026-07-21T06:15:00Z
500397,2,4013,2,658.18,1316.36,I,2026-07-20 04:08:19-05:00,2026-07-21T06:15:00Z
500397,3,4060,1,143.54,143.54,I,2026-07-20 16:14:46-05:00,2026-07-21T06:15:00Z
500397,4,4023,25,104.84,2621.0,I,2026-07-20 01:00:53-05:00,2026-07-21T06:15:00Z
500398,1,4028,1,20.05,20.05,I,2026-07-20 12:29:48-05:00,2026-07-21T06:15:00Z
500398,2,4023,25,104.84,2621.0,I,2026-07-20 17:09:37-05:00,2026-07-21T06:15:00Z
500401,1,4042,25,345.92,8648.0,I,2026-07-20 08:30:28-05:00,2026-07-21T06:15:00Z
500403,1,4016,1,549.59,549.59,I,2026-07-20 22:31:20-05:00,2026-07-21T06:15:00Z
500403,2,4027,5,45.18,225.9,I,2026-07-20 15:42:24-05:00,2026-07-21T06:15:00Z
500403,3,4029,10,54.95,549.5,I,2026-07-20 04:46:43-05:00,2026-07-21T06:15:00Z
500403,4,4032,2,524.69,1049.38,I,2026-07-20 12:27:54-05:00,2026-07-21T06:15:00Z
500407,1,4056,2,351.68,703.36,I,2026-07-20 07:33:08-05:00,2026-07-21T06:15:00Z
500407,2,4046,50,235.48,11774.0,I,2026-07-20 19:56:57-05:00,2026-07-21T06:15:00Z
500411,1,4004,2,581.59,1163.18,I,2026-07-20 14:09:05-05:00,2026-07-21T06:15:00Z
500411,2,4029,5,54.95,274.75,I,2026-07-20 18:11:21-05:00,2026-07-21T06:15:00Z
500413,1,4022,5,609.94,3049.7,I,2026-07-20 17:16:45-05:00,2026-07-21T06:15:00Z
500414,1,4015,2,398.82,797.64,I,2026-07-20 12:48:15-05:00,2026-07-21T06:15:00Z
500414,2,4038,10,465.24,4652.4,I,2026-07-20 14:24:01-05:00,2026-07-21T06:15:00Z
500414,3,4009,1,378.73,378.73,I,2026-07-20 04:38:19-05:00,2026-07-21T06:15:00Z
500415,1,4021,10,879.08,8790.8,I,2026-07-20 04:49:14-05:00,2026-07-21T06:15:00Z
500415,2,4031,1,257.71,257.71,I,2026-07-20 13:46:03-05:00,2026-07-21T06:15:00Z
500415,3,4048,1,550.83,550.83,I,2026-07-20 07:16:48-05:00,2026-07-21T06:15:00Z
500415,4,4014,5,286.38,1431.9,I,2026-07-20 06:15:28-05:00,2026-07-21T06:15:00Z
500418,1,4028,2,20.05,40.1,I,2026-07-20 17:50:12-05:00,2026-07-21T06:15:00Z
500419,1,4004,5,581.59,2907.95,I,2026-07-20 10:37:09-05:00,2026-07-21T06:15:00Z
500419,2,4037,2,362.73,725.46,I,2026-07-20 09:51:57-05:00,2026-07-21T06:15:00Z
500419,3,4044,25,155.58,3889.5,I,2026-07-20 02:55:10-05:00,2026-07-21T06:15:00Z
500419,4,4030,10,38.55,385.5,I,2026-07-20 14:23:21-05:00,2026-07-21T06:15:00Z
500419,5,4034,25,312.66,7816.5,I,2026-07-20 23:02:08-05:00,2026-07-21T06:15:00Z
500419,6,4027,1,45.18,45.18,I,2026-07-20 23:23:31-05:00,2026-07-21T06:15:00Z
500420,1,4013,10,658.18,6581.8,I,2026-07-20 20:05:47-05:00,2026-07-21T06:15:00Z
500420,2,4015,10,398.82,3988.2,I,2026-07-20 13:23:47-05:00,2026-07-21T06:15:00Z
500424,1,4033,2,169.48,338.96,I,2026-07-20 12:42:34-05:00,2026-07-21T06:15:00Z
500424,2,4057,5,230.99,1154.95,I,2026-07-20 18:34:00-05:00,2026-07-21T06:15:00Z
500424,3,4017,25,615.12,15378.0,I,2026-07-20 07:04:18-05:00,2026-07-21T06:15:00Z
500424,4,4049,1,732.87,732.87,I,2026-07-20 05:35:41-05:00,2026-07-21T06:15:00Z
500425,1,4038,5,465.24,2326.2,I,2026-07-20 06:58:02-05:00,2026-07-21T06:15:00Z
500425,2,4047,5,301.89,1509.45,I,2026-07-20 12:18:56-05:00,2026-07-21T06:15:00Z
500425,3,4016,10,549.59,5495.9,I,2026-07-20 03:26:40-05:00,2026-07-21T06:15:00Z
500425,4,4034,5,312.66,1563.3,I,2026-07-20 22:54:12-05:00,2026-07-21T06:15:00Z
500425,5,4031,2,257.71,515.42,I,2026-07-20 04:01:20-05:00,2026-07-21T06:15:00Z
500425,6,4007,5,11.53,57.65,I,2026-07-20 12:00:48-05:00,2026-07-21T06:15:00Z
500429,1,4049,5,732.87,3664.35,I,2026-07-20 16:58:54-05:00,2026-07-21T06:15:00Z
500431,1,4034,25,312.66,7816.5,I,2026-07-20 22:30:20-05:00,2026-07-21T06:15:00Z
500431,2,4013,2,658.18,1316.36,I,2026-07-20 22:23:06-05:00,2026-07-21T06:15:00Z
500431,3,4057,2,230.99,461.98,I,2026-07-20 23:42:46-05:00,2026-07-21T06:15:00Z
500431,4,4014,25,286.38,7159.5,I,2026-07-20 21:43:51-05:00,2026-07-21T06:15:00Z
500433,1,4042,2,345.92,691.84,I,2026-07-20 23:54:24-05:00,2026-07-21T06:15:00Z
500437,1,4060,2,143.54,287.08,I,2026-07-20 14:00:02-05:00,2026-07-21T06:15:00Z
500440,1,4015,5,398.82,1994.1,I,2026-07-20 13:23:37-05:00,2026-07-21T06:15:00Z
500440,2,4040,5,371.54,1857.7,I,2026-07-20 19:58:10-05:00,2026-07-21T06:15:00Z
500440,3,4017,5,615.12,3075.6,I,2026-07-20 15:03:07-05:00,2026-07-21T06:15:00Z
500443,1,4033,5,169.48,847.4,I,2026-07-20 08:13:27-05:00,2026-07-21T06:15:00Z
500443,2,4020,2,680.13,1360.26,I,2026-07-20 14:47:53-05:00,2026-07-21T06:15:00Z
500443,3,4016,10,549.59,5495.9,I,2026-07-20 08:05:26-05:00,2026-07-21T06:15:00Z
500443,4,4008,5,88.86,444.3,I,2026-07-20 03:52:12-05:00,2026-07-21T06:15:00Z
500443,5,4033,1,169.48,169.48,I,2026-07-20 16:47:40-05:00,2026-07-21T06:15:00Z
500443,6,4045,5,474.25,2371.25,I,2026-07-20 22:08:11-05:00,2026-07-21T06:15:00Z
500445,1,4006,1,318.05,318.05,I,2026-07-20 08:25:48-05:00,2026-07-21T06:15:00Z
500448,1,4047,2,301.89,603.78,I,2026-07-20 03:14:29-05:00,2026-07-21T06:15:00Z
500448,2,4033,50,169.48,8474.0,I,2026-07-20 17:39:47-05:00,2026-07-21T06:15:00Z
500448,3,4025,25,121.46,3036.5,I,2026-07-20 08:19:11-05:00,2026-07-21T06:15:00Z
500449,1,4001,1,124.88,124.88,I,2026-07-20 15:40:08-05:00,2026-07-21T06:15:00Z
500452,1,4007,10,11.53,115.3,I,2026-07-20 13:52:56-05:00,2026-07-21T06:15:00Z
500452,2,4017,2,615.12,1230.24,I,2026-07-20 21:33:20-05:00,2026-07-21T06:15:00Z
500452,3,4041,1,369.45,369.45,I,2026-07-20 16:26:19-05:00,2026-07-21T06:15:00Z
500454,1,4039,2,165.95,331.9,I,2026-07-20 08:15:27-05:00,2026-07-21T06:15:00Z
500454,2,4037,10,362.73,3627.3,I,2026-07-20 18:57:14-05:00,2026-07-21T06:15:00Z
500454,3,4034,1,312.66,312.66,I,2026-07-20 01:52:01-05:00,2026-07-21T06:15:00Z
500457,1,4014,10,286.38,2863.8,I,2026-07-20 20:11:22-05:00,2026-07-21T06:15:00Z
500457,2,4007,10,11.53,115.3,I,2026-07-20 02:20:22-05:00,2026-07-21T06:15:00Z
500457,3,4038,10,465.24,4652.4,I,2026-07-20 13:53:17-05:00,2026-07-21T06:15:00Z
500457,4,4002,2,53.65,107.3,I,2026-07-20 08:25:51-05:00,2026-07-21T06:15:00Z
500457,5,4012,5,295.52,1477.6,I,2026-07-20 09:20:56-05:00,2026-07-21T06:15:00Z
500458,1,4037,25,362.73,9068.25,I,2026-07-20 07:35:44-05:00,2026-07-21T06:15:00Z
500458,2,4033,5,169.48,847.4,I,2026-07-20 07:36:16-05:00,2026-07-21T06:15:00Z
500461,1,4006,10,318.05,3180.5,I,2026-07-20 15:31:47-05:00,2026-07-21T06:15:00Z
500461,2,4049,2,732.87,1465.74,I,2026-07-20 20:57:14-05:00,2026-07-21T06:15:00Z
500461,3,4026,50,360.6,18030.0,I,2026-07-20 21:50:27-05:00,2026-07-21T06:15:00Z
500461,4,4044,1,155.58,155.58,I,2026-07-20 01:15:19-05:00,2026-07-21T06:15:00Z
500461,5,4027,2,45.18,90.36,I,2026-07-20 19:05:27-05:00,2026-07-21T06:15:00Z
500461,6,4048,5,550.83,2754.15,I,2026-07-20 15:14:49-05:00,2026-07-21T06:15:00Z
500463,1,4010,5,236.48,1182.4,I,2026-07-20 17:36:33-05:00,2026-07-21T06:15:00Z
500463,2,4042,25,345.92,8648.0,I,2026-07-20 22:59:35-05:00,2026-07-21T06:15:00Z
500463,3,4042,5,345.92,1729.6,I,2026-07-20 20:52:51-05:00,2026-07-21T06:15:00Z
500463,4,4006,1,318.05,318.05,I,2026-07-20 15:01:57-05:00,2026-07-21T06:15:00Z
500465,1,4054,2,639.83,1279.66,I,2026-07-20 02:53:57-05:00,2026-07-21T06:15:00Z
500465,2,4031,50,257.71,12885.5,I,2026-07-20 03:40:17-05:00,2026-07-21T06:15:00Z
500465,3,4009,1,378.73,378.73,I,2026-07-20 10:15:08-05:00,2026-07-21T06:15:00Z
500465,4,4060,50,143.54,7177.0,I,2026-07-20 09:06:36-05:00,2026-07-21T06:15:00Z
500466,1,4043,5,196.26,981.3,I,2026-07-20 08:37:32-05:00,2026-07-21T06:15:00Z
500466,2,4042,5,345.92,1729.6,I,2026-07-20 04:02:25-05:00,2026-07-21T06:15:00Z
500469,1,4056,2,351.68,703.36,I,2026-07-20 12:25:30-05:00,2026-07-21T06:15:00Z
500471,1,4050,25,354.1,8852.5,I,2026-07-20 05:39:31-05:00,2026-07-21T06:15:00Z
500471,2,4053,25,365.63,9140.75,I,2026-07-20 03:26:32-05:00,2026-07-21T06:15:00Z
500471,3,4020,10,680.13,6801.3,I,2026-07-20 01:51:24-05:00,2026-07-21T06:15:00Z
500471,4,4015,50,398.82,19941.0,I,2026-07-20 05:59:46-05:00,2026-07-21T06:15:00Z
500471,5,4043,5,196.26,981.3,I,2026-07-20 07:11:18-05:00,2026-07-21T06:15:00Z
500473,1,4035,2,189.73,379.46,I,2026-07-20 13:10:29-05:00,2026-07-21T06:15:00Z
500473,2,4023,10,104.84,1048.4,I,2026-07-20 20:55:15-05:00,2026-07-21T06:15:00Z
500473,3,4023,1,104.84,104.84,I,2026-07-20 09:04:15-05:00,2026-07-21T06:15:00Z
500473,4,4026,1,360.6,360.6,I,2026-07-20 06:18:24-05:00,2026-07-21T06:15:00Z
500477,1,4053,2,365.63,731.26,I,2026-07-20 10:35:15-05:00,2026-07-21T06:15:00Z
500477,2,4060,1,143.54,143.54,I,2026-07-20 13:54:25-05:00,2026-07-21T06:15:00Z
500479,1,4053,2,365.63,731.26,I,2026-07-20 05:49:41-05:00,2026-07-21T06:15:00Z
500479,2,4004,1,581.59,581.59,I,2026-07-20 01:31:30-05:00,2026-07-21T06:15:00Z
500479,3,4017,2,615.12,1230.24,I,2026-07-20 23:13:03-05:00,2026-07-21T06:15:00Z
500479,4,4003,5,557.28,2786.4,I,2026-07-20 11:25:28-05:00,2026-07-21T06:15:00Z
500480,1,4024,25,192.96,4824.0,I,2026-07-20 09:35:51-05:00,2026-07-21T06:15:00Z
500480,2,4024,2,192.96,385.92,I,2026-07-20 22:56:25-05:00,2026-07-21T06:15:00Z
500480,3,4027,5,45.18,225.9,I,2026-07-20 06:08:31-05:00,2026-07-21T06:15:00Z
500480,4,4055,1,490.56,490.56,I,2026-07-20 01:09:17-05:00,2026-07-21T06:15:00Z
500484,1,4047,5,301.89,1509.45,I,2026-07-20 13:36:56-05:00,2026-07-21T06:15:00Z
500484,2,4038,5,465.24,2326.2,I,2026-07-20 21:29:13-05:00,2026-07-21T06:15:00Z
500485,1,4013,25,658.18,16454.5,I,2026-07-20 21:44:24-05:00,2026-07-21T06:15:00Z
500485,2,4025,1,121.46,121.46,I,2026-07-20 16:53:20-05:00,2026-07-21T06:15:00Z
500485,3,4029,2,54.95,109.9,I,2026-07-20 07:48:26-05:00,2026-07-21T06:15:00Z
500485,4,4039,10,165.95,1659.5,I,2026-07-20 21:44:09-05:00,2026-07-21T06:15:00Z
500486,1,4013,25,658.18,16454.5,I,2026-07-20 05:37:53-05:00,2026-07-21T06:15:00Z
500486,2,4003,5,557.28,2786.4,I,2026-07-20 01:00:04-05:00,2026-07-21T06:15:00Z
500486,3,4003,10,557.28,5572.8,I,2026-07-20 18:11:47-05:00,2026-07-21T06:15:00Z
500489,1,4001,2,124.88,249.76,I,2026-07-20 12:54:01-05:00,2026-07-21T06:15:00Z
500489,2,4046,2,235.48,470.96,I,2026-07-20 09:03:09-05:00,2026-07-21T06:15:00Z
500489,3,4015,1,398.82,398.82,I,2026-07-20 21:27:55-05:00,2026-07-21T06:15:00Z
500491,1,4034,10,312.66,3126.6,I,2026-07-20 18:50:39-05:00,2026-07-21T06:15:00Z
500492,1,4042,10,345.92,3459.2,I,2026-07-20 14:48:29-05:00,2026-07-21T06:15:00Z
500493,1,4037,1,362.73,362.73,I,2026-07-20 04:16:43-05:00,2026-07-21T06:15:00Z
500493,2,4013,1,658.18,658.18,I,2026-07-20 09:08:44-05:00,2026-07-21T06:15:00Z
500496,1,4001,1,124.88,124.88,I,2026-07-20 16:26:03-05:00,2026-07-21T06:15:00Z
500496,2,4038,2,465.24,930.48,I,2026-07-20 11:04:47-05:00,2026-07-21T06:15:00Z
500496,3,4021,10,879.08,8790.8,I,2026-07-20 07:29:11-05:00,2026-07-21T06:15:00Z
500499,1,4004,2,581.59,1163.18,I,2026-07-20 22:31:30-05:00,2026-07-21T06:15:00Z
500499,2,4023,25,104.84,2621.0,I,2026-07-20 10:30:15-05:00,2026-07-21T06:15:00Z
500499,3,4005,2,214.31,428.62,I,2026-07-20 19:33:05-05:00,2026-07-21T06:15:00Z
500502,1,4018,1,726.3,726.3,I,2026-07-20 21:43:38-05:00,2026-07-21T06:15:00Z
500502,2,4036,5,296.75,1483.75,I,2026-07-20 10:43:06-05:00,2026-07-21T06:15:00Z
500502,3,4011,25,391.91,9797.75,I,2026-07-20 17:17:36-05:00,2026-07-21T06:15:00Z
500502,4,4001,10,124.88,1248.8,I,2026-07-20 01:20:30-05:00,2026-07-21T06:15:00Z
500506,1,4037,25,362.73,9068.25,I,2026-07-20 17:29:27-05:00,2026-07-21T06:15:00Z
500509,1,4017,25,615.12,15378.0,I,2026-07-20 16:08:06-05:00,2026-07-21T06:15:00Z
500509,2,4028,25,20.05,501.25,I,2026-07-20 01:33:54-05:00,2026-07-21T06:15:00Z
500509,3,4049,2,732.87,1465.74,I,2026-07-20 16:51:20-05:00,2026-07-21T06:15:00Z
500512,1,4012,10,295.52,2955.2,I,2026-07-20 18:47:10-05:00,2026-07-21T06:15:00Z
500512,2,4036,50,296.75,14837.5,I,2026-07-20 10:13:44-05:00,2026-07-21T06:15:00Z
500512,3,4058,5,236.27,1181.35,I,2026-07-20 21:14:51-05:00,2026-07-21T06:15:00Z
500515,1,4042,25,345.92,8648.0,I,2026-07-20 03:59:51-05:00,2026-07-21T06:15:00Z
500515,2,4026,5,360.6,1803.0,I,2026-07-20 06:43:58-05:00,2026-07-21T06:15:00Z
500516,1,4029,5,54.95,274.75,I,2026-07-20 06:22:40-05:00,2026-07-21T06:15:00Z
500516,2,4026,5,360.6,1803.0,I,2026-07-20 15:58:47-05:00,2026-07-21T06:15:00Z
500516,3,4022,5,609.94,3049.7,I,2026-07-20 20:16:12-05:00,2026-07-21T06:15:00Z
500516,4,4016,10,549.59,5495.9,I,2026-07-20 19:29:23-05:00,2026-07-21T06:15:00Z
500516,5,4054,5,639.83,3199.15,I,2026-07-20 16:40:28-05:00,2026-07-21T06:15:00Z
500517,1,4013,25,658.18,16454.5,I,2026-07-20 21:16:13-05:00,2026-07-21T06:15:00Z
500519,1,4031,5,257.71,1288.55,I,2026-07-20 17:33:36-05:00,2026-07-21T06:15:00Z
500519,2,4060,5,143.54,717.7,I,2026-07-20 23:34:10-05:00,2026-07-21T06:15:00Z
500523,1,4014,10,286.38,2863.8,I,2026-07-20 08:39:17-05:00,2026-07-21T06:15:00Z
500523,2,4038,2,465.24,930.48,I,2026-07-20 08:58:21-05:00,2026-07-21T06:15:00Z
500523,3,4034,1,312.66,312.66,I,2026-07-20 03:47:20-05:00,2026-07-21T06:15:00Z
500527,1,4055,2,490.56,981.12,I,2026-07-20 16:58:01-05:00,2026-07-21T06:15:00Z
500530,1,4051,1,252.75,252.75,I,2026-07-20 21:50:18-05:00,2026-07-21T06:15:00Z
500530,2,4007,10,11.53,115.3,I,2026-07-20 07:30:11-05:00,2026-07-21T06:15:00Z
500530,3,4057,5,230.99,1154.95,I,2026-07-20 07:35:41-05:00,2026-07-21T06:15:00Z
500532,1,4007,25,11.53,288.25,I,2026-07-20 18:06:59-05:00,2026-07-21T06:15:00Z
500532,2,4056,1,351.68,351.68,I,2026-07-20 15:49:56-05:00,2026-07-21T06:15:00Z
500532,3,4045,1,474.25,474.25,I,2026-07-20 04:19:54-05:00,2026-07-21T06:15:00Z
500536,1,4055,5,490.56,2452.8,I,2026-07-20 17:08:27-05:00,2026-07-21T06:15:00Z
500536,2,4004,5,581.59,2907.95,I,2026-07-20 15:38:17-05:00,2026-07-21T06:15:00Z
500536,3,4059,1,461.8,461.8,I,2026-07-20 01:53:15-05:00,2026-07-21T06:15:00Z
500540,1,4049,50,732.87,36643.5,I,2026-07-20 04:35:26-05:00,2026-07-21T06:15:00Z
500540,2,4033,2,169.48,338.96,I,2026-07-20 05:29:01-05:00,2026-07-21T06:15:00Z
500542,1,4018,25,726.3,18157.5,I,2026-07-20 18:04:05-05:00,2026-07-21T06:15:00Z
500542,2,4010,2,236.48,472.96,I,2026-07-20 15:37:08-05:00,2026-07-21T06:15:00Z
500542,3,4045,1,474.25,474.25,I,2026-07-20 06:42:12-05:00,2026-07-21T06:15:00Z
500545,1,4057,2,230.99,461.98,I,2026-07-20 17:11:10-05:00,2026-07-21T06:15:00Z
500545,2,4059,1,461.8,461.8,I,2026-07-20 05:18:08-05:00,2026-07-21T06:15:00Z
500545,3,4031,1,257.71,257.71,I,2026-07-20 18:44:00-05:00,2026-07-21T06:15:00Z
500549,1,4009,25,378.73,9468.25,I,2026-07-20 10:50:08-05:00,2026-07-21T06:15:00Z
500549,2,4053,5,365.63,1828.15,I,2026-07-20 14:42:00-05:00,2026-07-21T06:15:00Z
500551,1,4030,1,38.55,38.55,I,2026-07-20 03:38:51-05:00,2026-07-21T06:15:00Z
500551,2,4040,10,371.54,3715.4,I,2026-07-20 18:56:40-05:00,2026-07-21T06:15:00Z
500551,3,4058,10,236.27,2362.7,I,2026-07-20 08:45:52-05:00,2026-07-21T06:15:00Z
500551,4,4037,2,362.73,725.46,I,2026-07-20 19:17:36-05:00,2026-07-21T06:15:00Z
500552,1,4015,50,398.82,19941.0,I,2026-07-20 13:03:18-05:00,2026-07-21T06:15:00Z
500552,2,4040,1,371.54,371.54,I,2026-07-20 17:50:14-05:00,2026-07-21T06:15:00Z
500552,3,4036,2,296.75,593.5,I,2026-07-20 10:18:56-05:00,2026-07-21T06:15:00Z
500552,4,4009,5,378.73,1893.65,I,2026-07-20 22:14:41-05:00,2026-07-21T06:15:00Z
500552,5,4010,2,236.48,472.96,I,2026-07-20 04:37:56-05:00,2026-07-21T06:15:00Z
500552,6,4033,25,169.48,4237.0,I,2026-07-20 02:01:17-05:00,2026-07-21T06:15:00Z
500556,1,4004,1,581.59,581.59,I,2026-07-20 22:55:17-05:00,2026-07-21T06:15:00Z
500556,2,4033,10,169.48,1694.8,I,2026-07-20 11:39:52-05:00,2026-07-21T06:15:00Z
500560,1,4056,10,351.68,3516.8,I,2026-07-20 19:05:57-05:00,2026-07-21T06:15:00Z
500560,2,4017,5,615.12,3075.6,I,2026-07-20 03:27:41-05:00,2026-07-21T06:15:00Z
500562,1,4011,2,391.91,783.82,I,2026-07-20 05:53:32-05:00,2026-07-21T06:15:00Z
500566,1,4007,2,11.53,23.06,I,2026-07-20 10:40:48-05:00,2026-07-21T06:15:00Z
500566,2,4049,2,732.87,1465.74,I,2026-07-20 02:08:21-05:00,2026-07-21T06:15:00Z
500566,3,4003,10,557.28,5572.8,I,2026-07-20 15:32:59-05:00,2026-07-21T06:15:00Z
500566,4,4036,25,296.75,7418.75,I,2026-07-20 17:14:00-05:00,2026-07-21T06:15:00Z
500566,5,4046,25,235.48,5887.0,I,2026-07-20 11:01:02-05:00,2026-07-21T06:15:00Z
500570,1,4012,2,295.52,591.04,I,2026-07-20 11:11:38-05:00,2026-07-21T06:15:00Z
500570,2,4040,2,371.54,743.08,I,2026-07-20 11:49:50-05:00,2026-07-21T06:15:00Z
500570,3,4021,50,879.08,43954.0,I,2026-07-20 07:08:48-05:00,2026-07-21T06:15:00Z
500574,1,4040,25,371.54,9288.5,I,2026-07-20 21:39:18-05:00,2026-07-21T06:15:00Z
500574,2,4056,25,351.68,8792.0,I,2026-07-20 09:43:44-05:00,2026-07-21T06:15:00Z
500575,1,4020,50,680.13,34006.5,I,2026-07-20 21:20:20-05:00,2026-07-21T06:15:00Z
500576,1,4045,50,474.25,23712.5,I,2026-07-20 17:07:00-05:00,2026-07-21T06:15:00Z
500576,2,4022,25,609.94,15248.5,I,2026-07-20 13:59:25-05:00,2026-07-21T06:15:00Z
500576,3,4038,2,465.24,930.48,I,2026-07-20 06:13:37-05:00,2026-07-21T06:15:00Z
500578,1,4011,25,391.91,9797.75,I,2026-07-20 17:46:31-05:00,2026-07-21T06:15:00Z
500578,2,4035,5,189.73,948.65,I,2026-07-20 04:44:33-05:00,2026-07-21T06:15:00Z
500578,3,4005,2,214.31,428.62,I,2026-07-20 08:00:51-05:00,2026-07-21T06:15:00Z
