product_id,sku,product_name,category,uom,unit_cost,list_price,op,change_ts,_ingested_at
4001,POW-6360,Especially Pack,Power Tools,EA,52.89,124.88,I,2026-07-20 01:01:34-05:00,2026-07-21T06:15:00Z
4002,PLU-5331,Teach Pack,Plumbing,EA,35.39,53.65,I,2026-07-20 23:44:22-05:00,2026-07-21T06:15:00Z
4003,ABR-7477,Share Unit,Abrasives,EA,378.18,557.28,I,2026-07-20 21:42:03-05:00,2026-07-21T06:15:00Z
4004,FAS-4682,Pretty Pack,Fasteners,EA,309.81,581.59,I,2026-07-20 14:33:16-05:00,2026-07-21T06:15:00Z
4005,ADH-6090,Whom Assembly,Adhesives,EA,119.56,214.31,I,2026-07-20 06:33:02-05:00,2026-07-21T06:15:00Z
4006,ABR-6091,Price Assembly,Abrasives,EA,175.86,318.05,I,2026-07-20 22:31:38-05:00,2026-07-21T06:15:00Z
4007,POW-7467,While Assembly,Power Tools,EA,8.11,11.53,I,2026-07-20 16:00:56-05:00,2026-07-21T06:15:00Z
4008,ELE-7727,Several Assembly,Electrical,EA,47.06,88.86,I,2026-07-20 22:24:53-05:00,2026-07-21T06:15:00Z
4009,SAF-8454,Such Set,Safety,EA,207.79,378.73,I,2026-07-20 20:53:41-05:00,2026-07-21T06:15:00Z
4010,ADH-1555,Authority Kit,Adhesives,EA,111.69,236.48,I,2026-07-20 15:06:00-05:00,2026-07-21T06:15:00Z
4011,ELE-7653,Morning Pack,Electrical,EA,192.73,391.91,I,2026-07-20 12:41:09-05:00,2026-07-21T06:15:00Z
4012,ELE-2275,Appear Assembly,Electrical,EA,205.73,295.52,I,2026-07-20 07:05:35-05:00,2026-07-21T06:15:00Z
4013,ABR-1795,Rate Assembly,Abrasives,EA,309.64,658.18,I,2026-07-20 17:49:16-05:00,2026-07-21T06:15:00Z
4014,ELE-4282,Minute Pack,Electrical,EA,167.34,286.38,I,2026-07-20 23:13:30-05:00,2026-07-21T06:15:00Z
4015,ELE-5157,Its Set,Electrical,EA,173.63,398.82,I,2026-07-20 17:29:34-05:00,2026-07-21T06:15:00Z
4016,FAS-1571,Issue Kit,Fasteners,EA,302.09,549.59,I,2026-07-20 11:31:25-05:00,2026-07-21T06:15:00Z
4017,ADH-5472,Ahead Unit,Adhesives,EA,368.16,615.12,I,2026-07-20 01:29:00-05:00,2026-07-21T06:15:00Z
4018,SAF-5827,Their Set,Safety,EA,340.3,726.3,I,2026-07-20 22:14:50-05:00,2026-07-21T06:15:00Z
4019,ABR-9422,Spend Pack,Abrasives,EA,342.78,509.4,I,2026-07-20 07:35:10-05:00,2026-07-21T06:15:00Z
4020,HAN-5821,Specific Set,Hand Tools,EA,338.37,680.13,I,2026-07-20 04:39:24-05:00,2026-07-21T06:15:00Z
4021,SAF-9737,Represent Kit,Safety,EA,366.92,879.08,I,2026-07-20 01:17:04-05:00,2026-07-21T06:15:00Z
4022,HAN-3448,Fact Pack,Hand Tools,EA,376.31,609.94,I,2026-07-20 10:59:47-05:00,2026-07-21T06:15:00Z
4023,ELE-6954,War Pack,Electrical,EA,68.71,104.84,I,2026-07-20 06:39:06-05:00,2026-07-21T06:15:00Z
4024,PLU-2603,Movie Pack,Plumbing,EA,126.88,192.96,I,2026-07-20 14:05:33-05:00,2026-07-21T06:15:00Z
4025,HAN-2645,Do Assembly,Hand Tools,EA,88.33,121.46,I,2026-07-20 21:11:43-05:00,2026-07-21T06:15:00Z
4026,POW-3750,Election Set,Power Tools,EA,165.04,360.6,I,2026-07-20 08:40:22-05:00,2026-07-21T06:15:00Z
4027,PLU-9659,Stuff Set,Plumbing,EA,20.12,45.18,I,2026-07-20 21:54:18-05:00,2026-07-21T06:15:00Z
4028,HAN-2439,Could Assembly,Hand Tools,EA,11.95,20.05,I,2026-07-20 13:01:48-05:00,2026-07-21T06:15:00Z
4029,HAN-8323,Woman Pack,Hand Tools,EA,39.58,54.95,I,2026-07-20 03:00:03-05:00,2026-07-21T06:15:00Z
4030,SAF-8658,By Set,Safety,EA,25.24,38.55,I,2026-07-20 16:57:33-05:00,2026-07-21T06:15:00Z
4031,PLU-2838,Appear Pack,Plumbing,EA,146.63,257.71,I,2026-07-20 22:18:24-05:00,2026-07-21T06:15:00Z
4032,ADH-9735,Follow Assembly,Adhesives,EA,283.84,524.69,I,2026-07-20 06:59:41-05:00,2026-07-21T06:15:00Z
4033,ADH-6627,Also Pack,Adhesives,EA,95.91,169.48,I,2026-07-20 21:28:25-05:00,2026-07-21T06:15:00Z
4034,ADH-6881,Nothing Assembly,Adhesives,EA,171.2,312.66,I,2026-07-20 04:12:28-05:00,2026-07-21T06:15:00Z
4035,FAS-8049,Thousand Pack,Fasteners,EA,94.76,189.73,I,2026-07-20 18:44:28-05:00,2026-07-21T06:15:00Z
4036,SAF-6851,Beat Kit,Safety,EA,196.36,296.75,I,2026-07-20 10:31:24-05:00,2026-07-21T06:15:00Z
4037,ELE-2478,Think Kit,Electrical,EA,193.52,362.73,I,2026-07-20 15:54:36-05:00,2026-07-21T06:15:00Z
4038,ELE-3107,About Unit,Electrical,EA,204.38,465.24,I,2026-07-20 12:30:52-05:00,2026-07-21T06:15:00Z
4039,POW-2741,Big Assembly,Power Tools,EA,122.6,165.95,I,2026-07-20 15:07:47-05:00,2026-07-21T06:15:00Z
4040,ELE-1997,Bank Assembly,Electrical,EA,230.77,371.54,I,2026-07-20 06:14:38-05:00,2026-07-21T06:15:00Z
4041,SAF-6508,View Unit,Safety,EA,240.91,369.45,I,2026-07-20 23:59:34-05:00,2026-07-21T06:15:00Z
4042,SAF-9018,Trip Set,Safety,EA,187.54,345.92,I,2026-07-20 19:45:57-05:00,2026-07-21T06:15:00Z
4043,FAS-9736,Do Unit,Fasteners,EA,86.83,196.26,I,2026-07-20 22:44:03-05:00,2026-07-21T06:15:00Z
4044,ELE-3500,Exactly Pack,Electrical,EA,70.42,155.58,I,2026-07-20 19:10:27-05:00,2026-07-21T06:15:00Z
4045,ABR-7377,Study Set,Abrasives,EA,265.9,474.25,I,2026-07-20 01:03:45-05:00,2026-07-21T06:15:00Z
4046,ADH-4877,Already Kit,Adhesives,EA,123.52,235.48,I,2026-07-20 02:19:31-05:00,2026-07-21T06:15:00Z
4047,PLU-8994,Whether Set,Plumbing,EA,192.41,301.89,I,2026-07-20 22:56:30-05:00,2026-07-21T06:15:00Z
4048,SAF-9304,Safe Unit,Safety,EA,280.91,550.83,I,2026-07-20 22:13:47-05:00,2026-07-21T06:15:00Z
4049,ELE-2704,Public Unit,Electrical,EA,310.84,732.87,I,2026-07-20 02:25:37-05:00,2026-07-21T06:15:00Z
4050,POW-5811,Government Unit,Power Tools,EA,166.65,354.1,I,2026-07-20 15:32:18-05:00,2026-07-21T06:15:00Z
4051,PLU-5993,Always Kit,Plumbing,EA,180.86,252.75,I,2026-07-20 16:44:50-05:00,2026-07-21T06:15:00Z
4052,ABR-5757,Game Pack,Abrasives,EA,39.85,66.74,I,2026-07-20 01:31:07-05:00,2026-07-21T06:15:00Z
4053,FAS-3794,According Pack,Fasteners,EA,196.6,365.63,I,2026-07-20 04:51:58-05:00,2026-07-21T06:15:00Z
4054,POW-7570,Box Kit,Power Tools,EA,280.55,639.83,I,2026-07-20 21:44:12-05:00,2026-07-21T06:15:00Z
4055,PLU-7395,Tend Assembly,Plumbing,EA,264.63,490.56,I,2026-07-20 10:16:23-05:00,2026-07-21T06:15:00Z
4056,HAN-9476,Key Assembly,Hand Tools,EA,251.58,351.68,I,2026-07-20 06:15:20-05:00,2026-07-21T06:15:00Z
4057,PLU-7384,Too Set,Plumbing,EA,112.66,230.99,I,2026-07-20 03:11:55-05:00,2026-07-21T06:15:00Z
4058,HAN-4128,Until Assembly,Hand Tools,EA,144.65,236.27,I,2026-07-20 02:17:28-05:00,2026-07-21T06:15:00Z
4059,HAN-3988,Surface Set,Hand Tools,EA,269.19,461.8,I,2026-07-20 03:19:32-05:00,2026-07-21T06:15:00Z
4060,FAS-5958,Impact Unit,Fasteners,EA,100.89,143.54,I,2026-07-20 14:04:56-05:00,2026-07-21T06:15:00Z
